{"cameraMode":{"drawMode":0,"name":"Shaded","section":"Shading Mode"},"sceneLighting":false,"audioPlay":false,"sceneViewState":{"showFog":true,"showMaterialUpdate":false,"showSkybox":false,"showFlares":true,"showImageEffects":true,"showParticleSystems":true},"in2DMode":false,"pivot":{"x":-250.00001525878907,"y":-874.97998046875,"z":-102.65379333496094},"rotation":{"x":0.49490275979042055,"y":-0.0169853363186121,"z":0.009639263153076172,"w":0.8687719106674194},"size":128.05368041992188,"orthographic":false}