{"cameraMode":{"drawMode":0,"name":"Shaded","section":"Shading Mode"},"sceneLighting":false,"audioPlay":false,"sceneViewState":{"showFog":true,"showMaterialUpdate":false,"showSkybox":false,"showFlares":true,"showImageEffects":true,"showParticleSystems":true},"in2DMode":false,"pivot":{"x":11.437036514282227,"y":14.34937572479248,"z":-5.380001068115234},"rotation":{"x":0.09331970661878586,"y":-0.8646433353424072,"z":0.17483992874622346,"w":0.46170464158058169},"size":9.968749046325684,"orthographic":false}