{"cameraMode":{"drawMode":0,"name":"Shaded","section":"Shading Mode"},"sceneLighting":false,"audioPlay":false,"sceneViewState":{"showFog":true,"showMaterialUpdate":false,"showSkybox":false,"showFlares":true,"showImageEffects":true,"showParticleSystems":true},"in2DMode":false,"pivot":{"x":-3.499000310897827,"y":0.1292382776737213,"z":2.996999740600586},"rotation":{"x":-0.3257090449333191,"y":-0.01866944693028927,"z":0.006426319945603609,"w":-0.9453226327896118},"size":0.3499954044818878,"orthographic":false}