{"cameraMode":{"drawMode":0,"name":"Shaded","section":"Shading Mode"},"sceneLighting":false,"audioPlay":false,"sceneViewState":{"showFog":true,"showMaterialUpdate":false,"showSkybox":false,"showFlares":true,"showImageEffects":true,"showParticleSystems":true},"in2DMode":false,"pivot":{"x":3.5049993991851808,"y":0.4226376414299011,"z":1.0209993124008179},"rotation":{"x":-0.1973852664232254,"y":0.7921271324157715,"z":-0.3297983407974243,"w":-0.4741755723953247},"size":1.073165774345398,"orthographic":false}