{"cameraMode":{"drawMode":0,"name":"Shaded","section":"Shading Mode"},"sceneLighting":false,"audioPlay":false,"sceneViewState":{"showFog":true,"showMaterialUpdate":false,"showSkybox":false,"showFlares":true,"showImageEffects":true,"showParticleSystems":true},"in2DMode":false,"pivot":{"x":3.190243721008301,"y":-811.9339599609375,"z":-46.765777587890628},"rotation":{"x":-0.1645185649394989,"y":-0.02391434647142887,"z":0.003982559312134981,"w":-0.986132800579071},"size":108.18704986572266,"orthographic":false}