{"cameraMode":{"drawMode":0,"name":"Shaded","section":"Shading Mode"},"sceneLighting":false,"audioPlay":false,"sceneViewState":{"showFog":true,"showMaterialUpdate":false,"showSkybox":false,"showFlares":true,"showImageEffects":true,"showParticleSystems":true},"in2DMode":false,"pivot":{"x":-3.6457250118255617,"y":-0.07747093588113785,"z":3.564194679260254},"rotation":{"x":-0.05761125683784485,"y":-0.5252255797386169,"z":0.03567072004079819,"w":-0.8482609987258911},"size":3.8184926509857179,"orthographic":false}